"DESCRIPTION","DURATION IN MS","NAME","PARENT SUITE","START TIME","STATUS","STOP TIME","SUB SUITE","SUITE","TEST CLASS","TEST METHOD"
"","641","Delete User","Desafio Automação API","2026-02-04","passed","2026-02-04","","usuarios","",""
"","787","Login","Desafio Automação API","2026-02-11","passed","2026-02-11","","login","",""
"","501","View User By Id","Desafio Automação API","2026-02-11","passed","2026-02-11","","usuarios","",""
"","673","Edit User","Desafio Automação API","2026-02-04","passed","2026-02-04","","usuarios","",""
"","661","View User By Id","Desafio Automação API","2026-02-04","passed","2026-02-04","","usuarios","",""
"","517","Edit User","Desafio Automação API","2026-02-11","passed","2026-02-11","","usuarios","",""
"","523","Views Users","Desafio Automação API","2026-02-11","passed","2026-02-11","","usuarios","",""
"","511","Create User","Desafio Automação API","2026-02-11","passed","2026-02-11","","usuarios","",""
"","494","Delete User","Desafio Automação API","2026-02-11","passed","2026-02-11","","usuarios","",""
